,tmpstamp,pos,neg
0,2018-03-11,0.146,0.117
1,2018-03-10,0.141,0.098
2,2018-03-09,0.122,0.036
3,2018-03-08,0.084,0.023
4,2018-03-07,0.165,0.048
5,2018-03-06,0.163,0.03
6,2018-03-05,0.161,0.008
7,2018-03-04,0.099,0.059
8,2018-03-03,0.106,0.05
9,2018-03-02,0.106,0.075
10,2018-03-01,0.119,0.064
11,2018-02-28,0.149,0.072
12,2018-02-27,0.121,0.0
13,2018-02-26,0.099,0.0
14,2018-02-25,0.034,0.068
15,2018-02-24,0.04,0.084
16,2018-02-23,0.092,0.056
17,2018-02-22,0.0,0.07
18,2018-02-21,0.033,0.064
19,2018-02-20,0.251,0.047
20,2018-02-19,0.143,0.163
21,2018-02-18,0.051,0.08
22,2018-02-17,0.194,0.036
23,2018-02-16,0.084,0.149
24,2018-02-15,0.079,0.091
25,2018-02-14,0.162,0.104
26,2018-02-13,0.097,0.034
27,2018-02-12,0.192,0.023
28,2018-02-11,0.166,0.047
29,2018-02-10,0.161,0.052
30,2018-02-09,0.0,0.2
31,2018-02-08,0.183,0.072
32,2018-02-07,0.086,0.056
33,2018-02-06,0.132,0.049
34,2018-02-05,0.168,0.0
35,2018-02-04,0.099,0.019
36,2018-02-03,0.045,0.016
37,2018-02-02,0.048,0.056
38,2018-02-01,0.0,0.059
39,2018-01-31,0.162,0.13
40,2018-01-30,0.193,0.061
41,2018-01-29,0.037,0.057
42,2018-01-28,0.037,0.057
43,2018-01-27,0.031,0.079
44,2018-01-26,0.069,0.043
45,2018-01-25,0.125,0.04
46,2018-01-24,0.125,0.04
47,2018-01-23,0.125,0.059
48,2018-01-22,0.137,0.042
49,2018-01-21,0.08,0.028
50,2018-01-20,0.08,0.028
51,2018-01-19,0.036,0.095
52,2018-01-18,0.164,0.067
53,2018-01-17,0.05,0.061
54,2018-01-16,0.0,0.056
55,2018-01-15,0.031,0.057
56,2018-01-14,0.132,0.049
57,2018-01-13,0.07,0.095
58,2018-01-12,0.042,0.091
59,2018-01-11,0.103,0.094
60,2018-01-10,0.174,0.129
61,2018-01-09,0.075,0.07
62,2018-01-08,0.076,0.042
63,2018-01-07,0.081,0.052
64,2018-01-06,0.0,0.16
65,2018-01-05,0.09,0.111
66,2018-01-04,0.119,0.059
67,2018-01-03,0.127,0.017
68,2018-01-02,0.135,0.046
69,2018-01-01,0.112,0.048
70,2017-12-31,0.065,0.051
71,2017-12-30,0.068,0.036
72,2017-12-29,0.139,0.045
73,2017-12-28,0.0,0.138
74,2017-12-27,0.0,0.115
75,2017-12-26,0.145,0.025
76,2017-12-25,0.1,0.075
77,2017-12-24,0.095,0.104
78,2017-12-23,0.047,0.061
79,2017-12-22,0.155,0.059
80,2017-12-21,0.062,0.051
81,2017-12-20,0.098,0.033
82,2017-12-19,0.14,0.092
83,2017-12-18,0.071,0.104
84,2017-12-17,0.05,0.069
85,2017-12-16,0.119,0.068
86,2017-12-15,0.119,0.068
87,2017-12-14,0.097,0.049
88,2017-12-13,0.046,0.106
89,2017-12-12,0.024,0.074
90,2017-12-11,0.092,0.116
91,2017-12-10,0.152,0.043
92,2017-12-09,0.152,0.043
93,2017-12-08,0.178,0.016
94,2017-12-07,0.224,0.024
95,2017-12-06,0.117,0.0
96,2017-12-05,0.117,0.0
97,2017-12-04,0.185,0.0
98,2017-12-03,0.162,0.0
99,2017-12-02,0.162,0.0
100,2017-12-01,0.19,0.045
101,2017-11-30,0.236,0.05
102,2017-11-29,0.093,0.081
103,2017-11-28,0.086,0.105
104,2017-11-27,0.148,0.064
105,2017-11-26,0.148,0.064
106,2017-11-25,0.111,0.093
107,2017-11-24,0.115,0.064
108,2017-11-23,0.115,0.064
109,2017-11-22,0.015,0.03
110,2017-11-21,0.079,0.0
111,2017-11-20,0.134,0.065
112,2017-11-19,0.134,0.065
113,2017-11-18,0.043,0.102
114,2017-11-17,0.043,0.102
115,2017-11-16,0.121,0.0
116,2017-11-15,0.101,0.037
117,2017-11-14,0.103,0.046
118,2017-11-13,0.103,0.046
119,2017-11-12,0.067,0.071
120,2017-11-11,0.055,0.063
121,2017-11-10,0.055,0.063
122,2017-11-09,0.082,0.032
123,2017-11-08,0.138,0.08
124,2017-11-07,0.119,0.113
125,2017-11-06,0.122,0.061
126,2017-11-05,0.111,0.07
127,2017-11-04,0.101,0.104
128,2017-11-03,0.172,0.085
129,2017-11-02,0.048,0.141
130,2017-11-01,0.137,0.05
131,2017-10-31,0.137,0.022
132,2017-10-30,0.127,0.055
133,2017-10-29,0.103,0.111
134,2017-10-28,0.103,0.111
135,2017-10-27,0.105,0.081
136,2017-10-26,0.132,0.068
137,2017-10-25,0.06,0.086
138,2017-10-24,0.148,0.021
139,2017-10-23,0.035,0.019
140,2017-10-22,0.013,0.038
141,2017-10-21,0.069,0.007
142,2017-10-20,0.108,0.078
143,2017-10-19,0.082,0.028
144,2017-10-18,0.051,0.133
145,2017-10-17,0.035,0.059
146,2017-10-16,0.121,0.089
147,2017-10-15,0.104,0.044
148,2017-10-14,0.126,0.033
149,2017-10-13,0.027,0.057
150,2017-10-12,0.19,0.042
151,2017-10-11,0.131,0.15
152,2017-10-10,0.099,0.081
153,2017-10-09,0.121,0.006
154,2017-10-08,0.098,0.035
155,2017-10-07,0.115,0.033
156,2017-10-06,0.05,0.063
157,2017-10-05,0.05,0.063
158,2017-10-04,0.11,0.021
159,2017-10-03,0.057,0.049
160,2017-10-02,0.111,0.073
161,2017-10-01,0.107,0.02
162,2017-09-30,0.118,0.082
163,2017-09-29,0.117,0.064
164,2017-09-28,0.043,0.075
165,2017-09-27,0.118,0.0
166,2017-09-26,0.111,0.074
167,2017-09-25,0.13,0.025
168,2017-09-24,0.092,0.017
169,2017-09-23,0.0,0.111
170,2017-09-22,0.0,0.111
171,2017-09-21,0.065,0.155
172,2017-09-20,0.044,0.071
173,2017-09-19,0.044,0.071
174,2017-09-18,0.065,0.114
175,2017-09-17,0.13,0.084
176,2017-09-16,0.13,0.084
177,2017-09-15,0.099,0.014
178,2017-09-14,0.049,0.0
179,2017-09-13,0.095,0.061
180,2017-09-12,0.199,0.035
181,2017-09-11,0.116,0.037
182,2017-09-10,0.122,0.045
183,2017-09-09,0.111,0.088
184,2017-09-08,0.123,0.089
185,2017-09-07,0.278,0.098
186,2017-09-06,0.0,0.064
187,2017-09-05,0.05,0.108
188,2017-09-04,0.142,0.061
189,2017-09-03,0.142,0.061
190,2017-09-02,0.154,0.017
191,2017-09-01,0.17,0.046
192,2017-08-31,0.055,0.023
193,2017-08-30,0.049,0.149
194,2017-08-29,0.123,0.072
195,2017-08-28,0.041,0.097
196,2017-08-27,0.041,0.097
197,2017-08-26,0.018,0.045
198,2017-08-25,0.077,0.114
199,2017-08-24,0.142,0.084
200,2017-08-23,0.034,0.067
201,2017-08-22,0.1,0.066
202,2017-08-21,0.058,0.074
203,2017-08-20,0.097,0.039
204,2017-08-19,0.209,0.0
205,2017-08-18,0.17,0.036
206,2017-08-17,0.073,0.098
207,2017-08-16,0.189,0.036
208,2017-08-15,0.094,0.0
209,2017-08-14,0.084,0.045
210,2017-08-13,0.086,0.069
211,2017-08-12,0.053,0.091
212,2017-08-11,0.071,0.145
213,2017-08-10,0.033,0.11
214,2017-08-09,0.082,0.029
215,2017-08-08,0.167,0.08
216,2017-08-07,0.053,0.108
217,2017-08-06,0.133,0.0
218,2017-08-05,0.093,0.033
219,2017-08-04,0.086,0.0
220,2017-08-03,0.115,0.068
221,2017-08-02,0.129,0.0
222,2017-08-01,0.1,0.064
223,2017-07-31,0.059,0.035
224,2017-07-30,0.06,0.0
225,2017-07-29,0.06,0.0
226,2017-07-28,0.096,0.0
227,2017-07-27,0.081,0.027
228,2017-07-26,0.125,0.083
229,2017-07-25,0.123,0.14
230,2017-07-24,0.182,0.045
231,2017-07-23,0.069,0.034
232,2017-07-22,0.068,0.051
233,2017-07-21,0.145,0.0
234,2017-07-20,0.14,0.0
235,2017-07-19,0.118,0.045
236,2017-07-18,0.173,0.0
237,2017-07-17,0.181,0.02
238,2017-07-16,0.158,0.03
239,2017-07-15,0.158,0.03
240,2017-07-14,0.144,0.028
241,2017-07-13,0.09,0.045
242,2017-07-12,0.14,0.056
243,2017-07-11,0.104,0.042
244,2017-07-10,0.104,0.012
245,2017-07-09,0.077,0.051
246,2017-07-08,0.077,0.051
247,2017-07-07,0.133,0.064
248,2017-07-06,0.112,0.031
249,2017-07-05,0.085,0.034
250,2017-07-04,0.163,0.069
251,2017-07-03,0.103,0.044
252,2017-07-02,0.091,0.01
253,2017-07-01,0.121,0.094
254,2017-06-30,0.117,0.091
255,2017-06-29,0.147,0.037
256,2017-06-28,0.117,0.03
257,2017-06-27,0.068,0.055
258,2017-06-26,0.107,0.072
259,2017-06-25,0.082,0.031
260,2017-06-24,0.082,0.031
261,2017-06-23,0.114,0.02
262,2017-06-22,0.084,0.022
263,2017-06-21,0.095,0.043
264,2017-06-20,0.116,0.025
265,2017-06-19,0.094,0.011
266,2017-06-18,0.078,0.054
267,2017-06-17,0.088,0.041
268,2017-06-16,0.078,0.018
269,2017-06-15,0.078,0.018
270,2017-06-14,0.099,0.054
271,2017-06-13,0.051,0.0
272,2017-06-12,0.051,0.0
273,2017-06-11,0.086,0.063
274,2017-06-10,0.109,0.066
275,2017-06-09,0.099,0.038
276,2017-06-08,0.083,0.016
277,2017-06-07,0.106,0.067
278,2017-06-06,0.101,0.037
279,2017-06-05,0.211,0.0
280,2017-06-04,0.027,0.053
281,2017-06-03,0.075,0.022
282,2017-06-02,0.075,0.022
283,2017-06-01,0.047,0.061
284,2017-05-31,0.053,0.0
285,2017-05-30,0.086,0.032
286,2017-05-29,0.073,0.024
287,2017-05-28,0.073,0.024
288,2017-05-27,0.139,0.049
289,2017-05-26,0.124,0.063
290,2017-05-25,0.154,0.078
291,2017-05-24,0.043,0.088
292,2017-05-23,0.029,0.048
293,2017-05-22,0.046,0.025
294,2017-05-21,0.03,0.04
295,2017-05-20,0.092,0.019
296,2017-05-19,0.148,0.071
297,2017-05-18,0.055,0.0
298,2017-05-17,0.056,0.104
299,2017-05-16,0.227,0.0
300,2017-05-15,0.077,0.149
301,2017-05-14,0.073,0.095
302,2017-05-13,0.061,0.092
303,2017-05-12,0.089,0.078
304,2017-05-11,0.077,0.043
305,2017-05-10,0.102,0.0
306,2017-05-09,0.048,0.018
307,2017-05-08,0.105,0.047
308,2017-05-07,0.152,0.076
309,2017-05-06,0.146,0.095
310,2017-05-05,0.09,0.064
311,2017-05-04,0.112,0.072
312,2017-05-03,0.05,0.028
313,2017-05-02,0.153,0.0
314,2017-05-01,0.079,0.021
315,2017-04-30,0.079,0.021
316,2017-04-29,0.092,0.027
317,2017-04-28,0.079,0.066
318,2017-04-27,0.129,0.0
319,2017-04-26,0.093,0.051
320,2017-04-25,0.14,0.0
321,2017-04-24,0.14,0.071
322,2017-04-23,0.053,0.115
323,2017-04-22,0.048,0.104
324,2017-04-21,0.093,0.085
325,2017-04-20,0.073,0.066
326,2017-04-19,0.119,0.0
327,2017-04-18,0.134,0.039
328,2017-04-17,0.05,0.0
329,2017-04-16,0.123,0.052
330,2017-04-15,0.085,0.041
331,2017-04-14,0.233,0.041
332,2017-04-13,0.077,0.119
333,2017-04-12,0.104,0.071
334,2017-04-11,0.025,0.036
335,2017-04-10,0.038,0.073
336,2017-04-09,0.113,0.071
337,2017-04-08,0.0,0.0
338,2017-04-07,0.145,0.035
339,2017-04-06,0.139,0.011
340,2017-04-05,0.183,0.0
341,2017-04-04,0.172,0.026
342,2017-04-03,0.094,0.035
343,2017-04-02,0.0,0.046
344,2017-04-01,0.102,0.075
345,2017-03-31,0.104,0.0
346,2017-03-30,0.084,0.018
347,2017-03-29,0.233,0.066
348,2017-03-28,0.083,0.023
349,2017-03-27,0.063,0.085
350,2017-03-26,0.024,0.14
351,2017-03-25,0.027,0.097
352,2017-03-24,0.062,0.015
353,2017-03-23,0.106,0.03
354,2017-03-22,0.091,0.015
355,2017-03-21,0.109,0.021
356,2017-03-20,0.1,0.051
357,2017-03-19,0.076,0.106
358,2017-03-18,0.188,0.0
359,2017-03-17,0.186,0.067
360,2017-03-16,0.19,0.034
361,2017-03-15,0.154,0.067
362,2017-03-14,0.217,0.113
363,2017-03-13,0.219,0.125
364,2017-03-12,0.032,0.049
365,2017-03-11,0.05,0.116
366,2017-03-10,0.094,0.077
367,2017-03-09,0.236,0.0
368,2017-03-08,0.0,0.113
369,2017-03-07,0.05,0.088
370,2017-03-06,0.097,0.08
371,2017-03-05,0.0,0.082
372,2017-03-04,0.066,0.099
373,2017-03-03,0.0,0.093
374,2017-03-02,0.06,0.073
375,2017-03-01,0.081,0.0
376,2017-02-28,0.0,0.0
377,2017-02-27,0.039,0.151
378,2017-02-26,0.0,0.0
379,2017-02-25,0.0,0.0
380,2017-02-24,0.125,0.058
381,2017-02-23,0.156,0.078
382,2017-02-22,0.129,0.03
383,2017-02-21,0.114,0.026
384,2017-02-20,0.063,0.047
385,2017-02-19,0.093,0.018
386,2017-02-18,0.085,0.017
387,2017-02-17,0.046,0.076
388,2017-02-16,0.115,0.026
389,2017-02-15,0.044,0.062
390,2017-02-14,0.04,0.11
391,2017-02-13,0.127,0.028
392,2017-02-12,0.04,0.103
393,2017-02-11,0.047,0.057
394,2017-02-10,0.047,0.057
395,2017-02-09,0.239,0.04
396,2017-02-08,0.157,0.069
397,2017-02-07,0.164,0.111
398,2017-02-06,0.102,0.043
399,2017-02-05,0.044,0.051
400,2017-02-04,0.069,0.057
401,2017-02-03,0.134,0.122
402,2017-02-02,0.134,0.122
403,2017-02-01,0.14,0.108
404,2017-01-31,0.294,0.051
405,2017-01-30,0.061,0.038
406,2017-01-29,0.05,0.067
407,2017-01-28,0.091,0.03
408,2017-01-27,0.072,0.15
409,2017-01-26,0.087,0.136
410,2017-01-25,0.083,0.108
411,2017-01-24,0.087,0.066
412,2017-01-23,0.08,0.03
413,2017-01-22,0.047,0.093
414,2017-01-21,0.076,0.089
415,2017-01-20,0.073,0.095
416,2017-01-19,0.095,0.079
417,2017-01-18,0.146,0.157
418,2017-01-17,0.025,0.084
419,2017-01-16,0.084,0.017
420,2017-01-15,0.074,0.104
421,2017-01-14,0.098,0.0
422,2017-01-13,0.077,0.088
423,2017-01-12,0.048,0.154
424,2017-01-11,0.079,0.031
425,2017-01-10,0.209,0.068
426,2017-01-09,0.128,0.064
427,2017-01-08,0.096,0.064
428,2017-01-07,0.088,0.047
429,2017-01-06,0.057,0.116
430,2017-01-05,0.135,0.114
431,2017-01-04,0.105,0.075
432,2017-01-03,0.057,0.09
433,2017-01-02,0.094,0.0
434,2017-01-01,0.093,0.02
435,2016-12-31,0.095,0.064
436,2016-12-30,0.084,0.0
437,2016-12-29,0.071,0.106
438,2016-12-28,0.07,0.036
439,2016-12-27,0.023,0.063
440,2016-12-26,0.078,0.101
441,2016-12-25,0.13,0.022
442,2016-12-24,0.149,0.038
443,2016-12-23,0.102,0.01
444,2016-12-22,0.114,0.04
445,2016-12-21,0.144,0.158
446,2016-12-20,0.042,0.126
447,2016-12-19,0.065,0.02
448,2016-12-18,0.048,0.058
449,2016-12-17,0.078,0.024
450,2016-12-16,0.094,0.052
451,2016-12-15,0.077,0.087
452,2016-12-14,0.122,0.087
453,2016-12-13,0.067,0.035
454,2016-12-12,0.071,0.099
455,2016-12-11,0.057,0.109
456,2016-12-10,0.045,0.129
457,2016-12-09,0.088,0.017
458,2016-12-08,0.0,0.193
459,2016-12-07,0.118,0.02
460,2016-12-06,0.119,0.099
461,2016-12-05,0.06,0.077
462,2016-12-04,0.11,0.079
463,2016-12-03,0.052,0.088
464,2016-12-02,0.204,0.015
465,2016-12-01,0.126,0.05
466,2016-11-30,0.152,0.05
467,2016-11-29,0.121,0.102
468,2016-11-28,0.087,0.022
469,2016-11-27,0.155,0.039
470,2016-11-26,0.155,0.039
471,2016-11-25,0.195,0.032
472,2016-11-24,0.025,0.051
473,2016-11-23,0.06,0.0
474,2016-11-22,0.0,0.0
475,2016-11-21,0.07,0.056
476,2016-11-20,0.102,0.018
477,2016-11-19,0.273,0.041
478,2016-11-18,0.178,0.032
479,2016-11-17,0.033,0.055
480,2016-11-16,0.051,0.161
481,2016-11-15,0.026,0.095
482,2016-11-14,0.03,0.056
483,2016-11-13,0.011,0.071
484,2016-11-12,0.124,0.095
485,2016-11-11,0.12,0.025
486,2016-11-10,0.083,0.059
487,2016-11-09,0.031,0.086
488,2016-11-08,0.121,0.02
489,2016-11-07,0.064,0.109
490,2016-11-06,0.153,0.018
491,2016-11-05,0.153,0.018
492,2016-11-04,0.105,0.05
493,2016-11-03,0.0,0.077
494,2016-11-02,0.083,0.0
495,2016-11-01,0.055,0.033
496,2016-10-31,0.104,0.081
497,2016-10-30,0.147,0.026
498,2016-10-29,0.184,0.0
499,2016-10-28,0.137,0.025
500,2016-10-27,0.138,0.019
501,2016-10-26,0.0,0.086
502,2016-10-25,0.06,0.09
503,2016-10-24,0.081,0.0
504,2016-10-23,0.07,0.098
505,2016-10-22,0.042,0.086
506,2016-10-21,0.024,0.159
507,2016-10-20,0.059,0.125
508,2016-10-19,0.114,0.027
509,2016-10-18,0.112,0.05
510,2016-10-17,0.049,0.07
511,2016-10-16,0.071,0.0
512,2016-10-15,0.037,0.075
513,2016-10-14,0.289,0.0
514,2016-10-13,0.0,0.0
515,2016-10-12,0.287,0.041
516,2016-10-11,0.057,0.087
517,2016-10-10,0.116,0.078
518,2016-10-09,0.121,0.071
519,2016-10-08,0.167,0.0
520,2016-10-07,0.028,0.134
521,2016-10-06,0.121,0.051
522,2016-10-05,0.122,0.043
523,2016-10-04,0.122,0.043
524,2016-10-03,0.122,0.043
525,2016-10-02,0.121,0.043
526,2016-10-01,0.121,0.043
527,2016-09-30,0.121,0.043
528,2016-09-29,0.121,0.043
529,2016-09-28,0.121,0.043
530,2016-09-27,0.13,0.076
531,2016-09-26,0.13,0.076
532,2016-09-25,0.13,0.076
533,2016-09-24,0.13,0.076
534,2016-09-23,0.13,0.076
535,2016-09-22,0.078,0.106
536,2016-09-21,0.078,0.106
537,2016-09-20,0.078,0.106
538,2016-09-19,0.078,0.106
539,2016-09-18,0.078,0.106
540,2016-09-17,0.078,0.106
541,2016-09-16,0.078,0.106
542,2016-09-15,0.078,0.106
543,2016-09-14,0.078,0.106
544,2016-09-13,0.078,0.106
545,2016-09-12,0.06,0.093
546,2016-09-11,0.06,0.093
547,2016-09-10,0.06,0.093
548,2016-09-09,0.06,0.093
549,2016-09-08,0.06,0.093
550,2016-09-07,0.06,0.093
551,2016-09-06,0.06,0.093
552,2016-09-05,0.06,0.093
553,2016-09-04,0.06,0.093
554,2016-09-03,0.06,0.093
555,2016-09-02,0.123,0.06
556,2016-09-01,0.123,0.06
557,2016-08-31,0.123,0.06
558,2016-08-30,0.123,0.06
559,2016-08-29,0.123,0.06
560,2016-08-28,0.123,0.06
561,2016-08-27,0.123,0.06
562,2016-08-26,0.123,0.06
563,2016-08-25,0.123,0.06
564,2016-08-24,0.123,0.06
565,2016-08-23,0.123,0.06
566,2016-08-22,0.123,0.06
567,2016-08-21,0.123,0.06
568,2016-08-20,0.123,0.06
569,2016-08-19,0.123,0.06
570,2016-08-18,0.123,0.06
571,2016-08-17,0.123,0.06
572,2016-08-16,0.123,0.06
573,2016-08-15,0.123,0.06
574,2016-08-14,0.123,0.06
575,2016-08-13,0.111,0.024
576,2016-08-12,0.111,0.024
577,2016-08-11,0.111,0.024
578,2016-08-10,0.111,0.024
579,2016-08-09,0.111,0.024
580,2016-08-08,0.111,0.024
581,2016-08-07,0.111,0.024
582,2016-08-06,0.111,0.024
583,2016-08-05,0.111,0.024
584,2016-08-04,0.111,0.024
585,2016-08-03,0.111,0.024
586,2016-08-02,0.111,0.024
587,2016-08-01,0.111,0.024
588,2016-07-31,0.111,0.024
589,2016-07-30,0.111,0.024
590,2016-07-29,0.111,0.024
591,2016-07-28,0.111,0.024
592,2016-07-27,0.111,0.024
593,2016-07-26,0.111,0.024
594,2016-07-25,0.111,0.024
595,2016-07-24,0.111,0.024
596,2016-07-23,0.111,0.024
597,2016-07-22,0.111,0.024
598,2016-07-21,0.111,0.024
599,2016-07-20,0.111,0.024
600,2016-07-19,0.111,0.024
601,2016-07-18,0.111,0.024
602,2016-07-17,0.111,0.024
603,2016-07-16,0.086,0.05
604,2016-07-15,0.086,0.05
605,2016-07-14,0.086,0.05
606,2016-07-13,0.086,0.05
607,2016-07-12,0.086,0.05
608,2016-07-11,0.086,0.05
609,2016-07-10,0.086,0.05
610,2016-07-09,0.086,0.05
611,2016-07-08,0.093,0.062
612,2016-07-07,0.178,0.075
613,2016-07-06,0.178,0.075
614,2016-07-05,0.123,0.051
615,2016-07-04,0.123,0.051
616,2016-07-03,0.123,0.051
617,2016-07-02,0.123,0.051
618,2016-07-01,0.123,0.051
619,2016-06-30,0.123,0.051
620,2016-06-29,0.123,0.051
621,2016-06-28,0.123,0.051
622,2016-06-27,0.123,0.051
623,2016-06-26,0.123,0.051
624,2016-06-25,0.123,0.051
625,2016-06-24,0.123,0.051
626,2016-06-23,0.123,0.051
627,2016-06-22,0.088,0.127
628,2016-06-21,0.088,0.127
629,2016-06-20,0.088,0.127
630,2016-06-19,0.088,0.127
631,2016-06-18,0.088,0.127
632,2016-06-17,0.088,0.127
633,2016-06-16,0.088,0.127
634,2016-06-15,0.088,0.127
635,2016-06-14,0.088,0.127
636,2016-06-13,0.088,0.127
637,2016-06-12,0.088,0.127
638,2016-06-11,0.088,0.127
639,2016-06-10,0.088,0.127
640,2016-06-09,0.088,0.127
641,2016-06-08,0.088,0.127
642,2016-06-07,0.059,0.045
643,2016-06-06,0.059,0.045
644,2016-06-05,0.059,0.045
645,2016-06-04,0.059,0.045
646,2016-06-03,0.059,0.045
647,2016-06-02,0.059,0.045
648,2016-06-01,0.059,0.045
649,2016-05-31,0.059,0.045
650,2016-05-30,0.059,0.045
651,2016-05-29,0.059,0.045
652,2016-05-28,0.059,0.045
653,2016-05-27,0.084,0.094
654,2016-05-26,0.084,0.094
655,2016-05-25,0.084,0.094
656,2016-05-24,0.084,0.094
657,2016-05-23,0.084,0.094
658,2016-05-22,0.084,0.094
659,2016-05-21,0.084,0.094
660,2016-05-20,0.084,0.094
661,2016-05-19,0.084,0.094
662,2016-05-18,0.084,0.094
663,2016-05-17,0.084,0.094
664,2016-05-16,0.084,0.094
665,2016-05-15,0.125,0.02
666,2016-05-14,0.125,0.02
667,2016-05-13,0.125,0.02
668,2016-05-12,0.125,0.02
669,2016-05-11,0.125,0.02
670,2016-05-10,0.125,0.02
671,2016-05-09,0.125,0.02
672,2016-05-08,0.125,0.02
673,2016-05-07,0.125,0.02
674,2016-05-06,0.125,0.02
675,2016-05-05,0.125,0.02
676,2016-05-04,0.125,0.02
677,2016-05-03,0.125,0.02
678,2016-05-02,0.125,0.02
679,2016-05-01,0.125,0.02
680,2016-04-30,0.125,0.02
681,2016-04-29,0.125,0.02
682,2016-04-28,0.125,0.02
683,2016-04-27,0.125,0.02
684,2016-04-26,0.125,0.02
685,2016-04-25,0.125,0.02
686,2016-04-24,0.161,0.039
687,2016-04-23,0.161,0.039
688,2016-04-22,0.161,0.039
689,2016-04-21,0.161,0.039
690,2016-04-20,0.161,0.039
691,2016-04-19,0.161,0.039
692,2016-04-18,0.161,0.039
693,2016-04-17,0.161,0.039
694,2016-04-16,0.161,0.039
695,2016-04-15,0.161,0.039
696,2016-04-14,0.161,0.039
697,2016-04-13,0.161,0.039
698,2016-04-12,0.161,0.039
699,2016-04-11,0.161,0.039
